FIPStxt,PC 1,PC 2,PC 3,PC 4,PC 5,PC 6,PC 7,PC 8,PC 9,PC 10,class
12043,-310846009.3636629,-222017446.05883837,-21675382.404740516,26050.192228200965,-18039.994845629342,86.22289198236885,-57.52923697599291,-667.5447024877109,-60.586233905051245,-15.407175738305874,0
12045,-1197562707.0914125,-210840708.9838368,-19152656.97388719,30497.4729229197,-13981.010867212548,-324.8951493736664,-218.22062216227727,-489.06699579444967,-38.23323087100597,-11.536456149723891,4
12047,-1380249757.0421557,-210351616.50654048,-21074297.94244751,32540.637851844665,-16069.574029067697,3237.966679404883,567.2772502102914,-1812.9139075236435,-277.77577482561185,-11.889417213210177,4
26001,-787689072.8937358,-222417995.35177058,-28948879.805531606,27602.659774595373,-13592.82664515901,-702.1649418295967,-578.2155948230743,104.79043487979358,80.140403211833,-17.116318233524698,4
26085,-1180074393.4543545,-218110993.93177313,-28692550.725028582,29475.128801310075,-12351.04049743957,-562.9556029755146,-1113.600625071364,976.4269505279891,218.3147664196683,-12.322919710574554,4
12049,-940528573.5578661,-196033426.71204787,4410134.872737437,33475.67403532162,-18622.09703349559,2034.9578179698678,-155.41732821398782,-471.0810381424604,-109.72690728784062,-7.088741365790351,4
12133,-1130277919.1080825,-209555790.09425643,-16472730.274281539,34165.04777635134,-3533.6911302058165,-1899.7960185824784,-483.5022940054375,-234.77197431936114,-33.6704677755985,-6.280123408396739,4
4001,37722302347.696846,-642849464.0293827,-51047667.25122585,-89323.06089400286,11710.603782571614,-18653.678952814167,-128.98719154383224,-269.1379222361278,-410.9061257130173,36.86821394114661,1
4003,19246622109.25753,-307398522.6050607,-26763995.488802005,-52414.22082995125,17687.06121094284,9878.141315719207,866.5207840239099,-119.00021868043946,422.52040511295417,-3.0778818832719943,2
4005,64849251287.58921,-836616258.6670793,-120117186.65733059,-220022.19561673512,-8874.913359316099,-18123.959228456515,2304.602115518732,-28.545811823443806,61.66268445753316,97.03685820071343,3
4007,14133066758.938469,-354327395.40872777,4202544.5439855065,-8258.348127186462,-18785.16195054736,3941.6749478974143,-79.59083224168057,-304.33260921944844,-337.25258875421304,11.776905548604196,2
4009,13647271849.75886,-361932797.7565673,-12896160.850449415,-15592.69852700821,-21583.960320130158,-1889.7663630790046,27.88725953711872,-419.3409246711636,-218.87768215601366,10.886580767807596,2
4011,3486372689.693582,-265870623.26902407,-27081346.37477101,9479.66561150492,-26822.735214888307,-1037.2650393730205,47.565788677574965,-586.4382500185202,-38.509587812554884,-4.961231854717638,0
4012,13211124712.941118,-376054922.3816401,-38066181.489299856,-19878.050829929038,-22298.06520237263,-3187.1507716361207,164.79292013226535,-680.2442538233198,-168.555572323627,12.3738778514548,2
4013,28306616569.236706,4287226912.1642575,8538667.842409026,1021444.8854201919,15405.090309297857,-315.03013840587266,-6939.937392919617,-1641.303625361769,789.6591078464699,-67.53112755071324,1
26039,-1228110350.7116158,-207444030.84430063,-15011638.097368263,28243.416253436713,-18163.682553347346,-1808.2023320287185,-354.6924229276731,-152.34192742537996,42.70157898759663,-12.41047663299783,4
4015,45326959861.05057,-499267243.5292038,87330054.82851446,-126104.10082454825,-36382.90937837059,11892.892226655638,1087.2959637560923,1783.0927618860444,-63.69580387680951,48.75285774233664,1
4017,33108270564.57861,-524246727.2225458,43446649.023771115,-66659.42530103086,-3330.807231551842,-18041.642611862662,-65.72633217558597,5.545970334436584,-483.28147971082234,16.339965022553944,1
4019,29683255026.064068,954354037.8567615,72963885.6077273,-166999.04175974135,-8721.181310457216,4504.48052846005,9.030567959448247,567.0816333826748,-168.15378090299106,-61.21691261339743,1
4021,16179440100.159237,14022970.661743095,38978270.337119795,13724.328197356774,57845.362684807296,60215.50204367516,-884.3791254323135,1721.3537093724108,103.65197956364098,-12.947962119863327,2
4023,1224225951.760863,-181753732.75505555,54204830.36386873,28099.817930987952,-34785.948628244776,1727.525453838257,-103.71516006333222,-88.43335519590455,-135.28105270146528,-11.474563413785202,0
4025,26329101961.578842,-237991636.03962737,52941564.76049576,-111301.58646282859,12952.693569443496,-4951.7728768605175,752.8158074781568,732.7305358064951,-9.90559323562798,-26.922853365068534,1
4027,16814441014.032084,-171038644.50431922,-27243383.977021333,-27324.632722961313,-12507.027801840804,27700.199825822918,1523.3082747901283,-629.1857976100048,1001.0126950640897,21.578438451641112,2
12001,-219447600.70074663,141837357.9254504,-8776980.539152533,-22932.044487508967,26889.444882655214,-3053.762206440875,1097.7780984907445,34.26994386131588,83.45713769425802,-29.348582916452482,0
12003,-1132006925.322608,-195088234.6026314,2978319.111461371,32388.647668726364,-15285.185424610272,-1603.3118100050115,-288.3118769053512,-290.0195934630844,-44.232373645660786,-6.967292832427092,4
12005,-654730518.9119252,165107300.1976932,-5475334.774085142,-137067.37774650587,-19675.824043460765,-3412.0296738217244,1090.0822689140539,127.52074482679015,185.87338926381037,-35.772953422688765,4
12007,-2192552514.028979,-190849171.99012744,-6293019.972314102,38847.21683540212,-4644.113883972725,-1330.5199640357669,-430.2550224120467,-309.10167324440204,-58.38275963684542,27.938977752697795,4
12009,-12093315.391627654,856946222.526895,-26011473.09318516,-284649.2892885664,-20152.531911954837,-129.18981934630267,711.9316588683117,539.6433199379067,-453.7831673323636,-68.63609017815389,0
12011,472118792.50577193,1372250327.274317,-24578158.970537186,1252062.3569441042,-16229.19842769418,-4487.528092418999,-140.36624221417821,370.54619259663235,44.72419145374197,-23.56847022503132,0
12013,-1187282352.9760296,-208396910.46212196,-15717755.680060826,29174.153102190532,-18061.197089815825,-384.96689079532354,-203.99050474416563,-422.0402589767511,-17.49697595744167,-11.85899234060517,4
12015,-976390599.9666865,258386984.67112234,-20464522.88540824,-248069.47384849624,-27743.49580967518,-843.6772640335029,800.0337739570749,234.30072031413334,101.76566454618546,-37.32622682830065,4
12017,-1313115746.453882,184025815.54885182,23590084.594100367,-220626.67793305434,6270.527294110971,-7975.383321911773,155.73425102192073,74.57827746110618,133.49924301636554,6.968941273462107,4
37029,-2377078058.4629884,-203697055.44788206,-26194153.447719034,32981.42675903103,-14011.7168155351,94.06904000465133,308.49261083232733,-1420.9682626383012,-155.96432011646093,-1.3957483681045944,4
12019,-1237374104.8245623,215461945.89102742,-6859619.444449209,-155919.91171810662,-9269.81408759064,-3026.9796204069494,896.6754706414039,101.89307484658693,143.5148954045933,-18.225730605134,4
12021,3742698249.2708898,410478568.13082594,49072358.260557875,-217614.19149795477,-33705.83877670759,2696.498682588527,1021.0506886458655,177.85847309265523,240.57162279405128,-58.894703524321656,0
12023,-381952012.012918,-166463665.1427935,52103981.70039733,41190.87870923376,2899.9905841273285,-8271.84041713921,-509.03446336439197,-126.71106829685756,-159.87054592452756,-8.698344434052041,0
12027,-945854613.1402994,-189669494.37289628,4158992.3676188025,33526.325112918115,-13968.339923877806,5812.258133166673,439.178152606087,-321.34975995778785,240.53558298145276,-9.770009272304765,4
12029,-682044910.204857,-215599353.52918586,-18278004.6391712,28287.953255711356,-14339.14402165452,-1240.0811451343009,-310.324727331129,-305.8345248015635,-6.121494146098515,-14.11906771925635,4
12031,-1148258647.2475395,1348152366.6727517,-21497606.043155346,-253379.5789891913,-30082.48401948336,482.795338853741,363.9218833404514,324.9604634005519,-435.79114921523615,-43.883460763017546,4
12033,-1163488264.1791358,489632581.8805039,-18059939.78663791,-276839.99979818094,-18804.86644910473,351.08073602893626,894.1333660637713,-290.4526076105863,263.46833949386337,-26.059641053462418,4
12035,-1573844355.9271967,2114610.950252737,-26896489.954222206,-61133.75141526035,-20849.407635311607,168.610339804105,1124.095676766398,930.5674718383442,-225.93520217664778,-34.30624088296991,4
12037,-1304654408.5920115,-209792759.98252475,-19254381.383507494,28725.88032123421,-19506.623039748836,184.30129104192298,-112.14369588642468,-561.6440201798189,-29.20502359734222,-13.04121829419818,4
12039,-1390306320.772944,-182617312.51664492,11932980.808906626,40489.44897254243,1418.6830514234732,-611.2680085209158,161.29881483638323,12.27572710935968,235.98024181421076,2.177522759005786,4
12041,-1980863915.1767545,-203767661.5622649,-20693600.326078624,34537.9395128592,-10163.754789433733,128.31213415247623,-175.54673956694685,-662.3802630768485,-72.90782257609767,1.2421022724477004,4
12051,937419172.9226009,-207496459.36524317,15500836.197239738,33189.10836806297,-19791.145530102647,6776.9455892472,-139.80551880284767,-455.805204561392,-218.3804288034551,-7.904300604197052,0
12053,-1707248737.2549303,196490385.7415041,-15940157.033014368,-167150.57524770795,278.7911164529991,-1392.3770594099408,626.6254188899386,33.88868816190319,185.0263248674176,13.691666280723549,4
12055,349194478.8003986,-1363876.3648860024,31017268.32193591,-79344.74193579653,-26363.93221095731,-8993.344981959484,1046.0964447356762,174.46115783706253,335.03935585577943,-38.67435784967393,0
12057,-437681784.89705104,1878371376.5074465,-20440333.75288601,-244944.87052956052,-15854.744100174756,-584.2761659239778,-487.64657177348084,90.03863194466898,-504.4944939595479,-54.54289500306297,0
12059,-1510955598.4317992,-205424045.66542682,-16286976.410102803,33335.66632386179,-10024.169348844525,-704.2543645621988,-317.332814537935,-400.3578252861615,-40.09700553348912,-5.02645845286026,4
12061,-1566257040.4073436,127979085.44371286,-20197075.718638808,-124700.19975732832,-29517.19326793526,4548.2553644537475,1272.4925380177774,-1340.0748027888467,1216.0244102396268,-9.48714616070458,4
12063,87841881.53815675,-212377578.47810474,-3068181.1382887936,42239.476541596225,14078.74622021056,-9.843808467312988,-519.6241989714475,-501.72947690528207,-234.42344209224882,-10.233448485304637,0
12065,-1067542946.7300742,-219460876.51811332,-28920449.2039912,30795.892080274636,-8179.801864942947,-787.4919209006162,-1163.4912062154942,979.1511747317675,201.3101662152353,-10.403577881893467,4
12067,-1267824279.8368258,-217058381.21475106,-28514839.84909768,28361.230645236097,-15808.31286893173,-378.7952569300841,-1072.1791451121348,974.1531781348052,232.37633471467595,-14.229612988386961,4
12069,-108226180.62158993,409340152.9007837,9486063.852126779,-236575.37436252795,16506.590333035798,-5412.349532675181,493.36941245322674,-11.962209061849933,5.907935411789354,-37.36407370901799,0
12071,-1036867780.7497197,1276702257.9756305,-18157426.516949985,-613087.0174601267,-27065.60510037061,1749.3542905228196,585.5491977306576,-912.9805172629891,228.14621897739082,-34.162323567162325,4
12073,-1043802983.1243678,300643428.25673056,-19236919.629854113,-117517.67838206743,969.8417208723241,-1870.9021524740567,1035.9656429268487,73.02407777857873,43.028535351045555,-21.465719484499125,4
12075,831958156.5928994,-234877810.72978234,-22847898.870687287,36123.4870629396,18096.39523988316,-3164.8783363003545,-696.7284756723888,-278.76459179716466,-137.21796233724058,-17.834586141573244,0
12077,-197814575.036381,-229893813.76350248,-30681828.020681746,24211.2739304428,-16850.73996730258,-709.3325796617739,-1045.2550107162638,970.7245544467461,229.88441128147636,-16.921594064892254,0
12079,-712745373.9223815,-218829928.2682923,-23060412.217154447,31777.190542442826,-8778.494074253114,973.09827181064,151.23060071528604,-1229.5669936181373,-194.1182169711949,-13.99695392528867,4
12081,-797520849.8708521,375813546.4730096,-26693948.86343924,-107314.02747825606,-17577.891627807046,-244.40812846272888,1229.9425779520832,771.3579194930041,-381.1310962213009,-49.321316730251965,4
12083,2238522499.5733953,402758015.8244754,51614652.43529941,-251761.25656525558,60816.44772892872,-11890.752479900792,-114.37437488231421,68.71146210056955,-204.03222871997423,-78.81823854349534,0
12085,-1402187991.38784,89221127.44931807,-17970014.232708752,-76119.01067560329,-20915.560115743476,4220.853924188545,1367.7258245703188,-926.4818296552046,932.7715011247752,-11.284865155683834,4
12086,2960024576.134306,1415158011.756891,-29280103.81605561,2445982.2053052075,31905.152078168347,-10490.610942414729,-1266.7064156245842,406.95534647279624,312.4192068137231,31.2713998234452,0
12087,275487565.57868433,-143443586.03853127,92377193.18390746,51253.311899199274,-46180.475448410056,25816.906321874972,-409.3873662373031,503.96310867130876,-369.7103761584768,1.2355411979703446,0
37187,-1989540697.0449889,-199543671.46258682,-15130021.444156304,31426.904429137143,-18718.403061126184,-195.97378660783306,-221.6318872503871,-395.55291004946946,-1.789068645005868,-5.109503570218214,4
12089,-956120590.1740253,-120549489.36850479,105802456.36781068,34121.61272089991,-22315.025259692917,-16281.356490886108,-89.47105799251032,-162.70926524511202,-84.95122141999042,-8.075769982790517,4
12091,-14217277.67286473,103244381.38831504,47710691.449838564,-51181.50836404011,-26545.2409843466,4023.9913082822873,1258.1394797584983,345.3456761949875,374.85881073128076,-34.87341992900446,0
12093,-486454871.3412336,-165873479.56290513,51422617.40798099,26983.497087906275,-32459.924294373457,-6552.2547021372775,-74.90260439959026,-153.2673790263695,-20.89961250905869,-14.467412375035225,0
12095,-706594218.4723705,1507921929.768722,-4677934.3218787415,55310.686970387156,-30138.422123843167,-957.574645660958,193.3161714156242,-641.9914558778569,266.7069531055731,-39.43599873316738,4
12097,1353990550.1420288,298954497.99099344,20265619.86575066,-149923.77983115625,-25270.728182071212,14648.149586198873,835.5607312500882,-8.633753617915328,528.0194190057398,-34.191958647649585,0
12099,3145080387.3428435,1555461279.4703097,46132049.34779886,254765.17922093137,-49323.95049971684,17028.570838687596,-293.6394422096193,-179.96872478340035,587.5109769324162,-50.85074933908586,0
12101,-971336316.8773997,810573245.5566378,-24235101.797793962,-372573.0473562512,-537.868297698264,-404.1340361950445,460.0801661706526,140.2473922228855,-262.4577407133093,-26.891603578444776,4
12103,-2704119530.697792,831618426.3902738,-20826902.356040616,465061.8096480197,-27289.2456454207,-686.7557088576407,1515.662874678776,618.3984882767304,-293.89726456411256,80.6539245401669,4
12105,2754067448.8140874,981722972.9776782,102515416.66646092,-406269.607317387,9488.83193763597,6692.9022268837025,-121.88383555327415,375.7098221418442,-159.82322540303076,-93.89447815183951,0
12107,-661983810.1861718,-130688254.78166246,96308178.79505888,33661.368476488075,-12280.548709335422,-19442.59314452709,-168.26085493373085,-219.46547719314398,-80.47373809054106,-12.584483658399286,4
12109,-1227929094.0484598,161729467.10993752,-5709381.080024486,-117746.9730636437,14154.360140239452,-3047.1652943866716,640.8664718993981,64.65802691008592,137.84497253279818,0.7396242087759486,4
12111,-1427637901.9346278,392119198.43264407,-25377272.923848823,-181549.89669806306,-31982.344029277177,783.6698595049945,1169.9711014651352,750.1517354685856,-303.76361612276855,-47.830447173954006,4
12113,274539711.31571156,160640013.3236765,-29802490.524635646,-198610.9746122352,-407.1418968443861,-1105.494407993024,385.19929187381064,845.6151483381595,-313.85713136176594,-45.118538562368805,0
12115,-1546828007.4711545,532299126.4106352,-24492975.08000622,-167912.35732951382,-24751.253172733275,439.88907548564725,1095.5969657111127,698.2695167015462,-366.5657870389589,-36.56194370315866,4
12117,-2420233465.8241844,473964639.5212274,-23043068.057811666,-9652.839869872225,-22351.97734747477,286.6074553248005,1482.0505178380092,749.0591854347375,-382.69575528817603,24.164923397133116,4
12119,-1317753144.7807455,-80739903.23084688,-10935623.402005496,-887.5922737007937,7499.516635740587,-575.9932000938687,1104.4499513222972,6.415106081855746,363.15799283992186,-5.9749234553369215,4
12121,-746297937.32617,-209636347.52089468,-11158359.317931985,41336.730311596875,12636.170408910191,-1658.299749465824,-563.1233514126602,-416.17984004178794,-159.6042577686462,-2.770330538551212,4
12123,550758044.2745136,-222153194.16747373,-9689968.446109675,24865.85775082331,-14225.496354767105,-2963.4812984855535,-329.21188330722345,-220.04039425086447,-13.430593285266333,-15.830635488473074,0
12125,-2374884073.9206266,-191764790.9084976,-10100578.97919076,32941.4523621749,-18032.39807038066,-1120.5610753582062,-317.3340700730047,-238.0396187319905,24.355939464766237,9.303894676169037,4
12127,376741860.36281633,677228190.6239742,-27610105.04997187,-201597.5889386892,13188.327513768461,-1865.4890012451867,493.6165600921293,643.9425389416286,-553.4612199923397,-61.84796371426086,0
12129,-1063886949.9475194,-183009482.74831852,20200143.99060018,28043.71910334593,-18274.631967434194,-8745.123877686707,-311.7787020478747,-94.13552505720632,42.26751400024732,-10.43148394515564,4
12131,498237160.27896166,-161665254.06835365,16048151.595877897,1300.3544689404632,167.45602827969037,-11343.935241785613,326.9052055262448,286.2649351935402,340.95805644272974,-31.83113750420569,0
26003,87490930.77609706,-225300124.62320688,-20468765.541932803,21586.308374759086,-22509.73025200261,-1871.8411200103214,-304.99527904705064,-129.70459478438886,61.01054206705427,-15.52019606465317,0
26005,-293346262.3884706,-137257664.36756083,49899437.54699311,43885.57210904396,43259.47285910797,-3438.953453493865,-84.3110024147267,391.6960593286462,161.98310648985256,-8.612568311645195,0
26007,-1180616669.331188,-194997199.2972044,2414361.630458263,36153.805110915346,-14892.274250629665,2868.4505679385898,-163.22238432160628,-550.2993093023997,-140.70971089877617,-3.8828300569251293,4
26009,-1515808427.851331,-214083647.28838438,-28012618.26663251,37152.64168350802,3507.625340089591,-1147.777407143857,-1313.2689663039555,988.7502989240556,158.3131648268556,4.859352845601114,4
26011,-1927884423.8431084,-209140544.40454012,-27178081.859877404,34525.38338287458,-6384.895891476583,-564.1460418067468,-1196.83201611351,982.6772808907457,199.51537971363118,4.2790635203371,4
26013,31807627.536461495,-232648274.6352313,-31146859.749112174,23644.4302484159,-16285.780060560583,-815.2275685126322,-1049.1878808030415,970.5590677292706,226.26377894342008,-16.795941167940992,0
26015,-1248976466.1175249,-194694433.59999073,1856485.8162476325,52089.02856028374,24762.851922718834,548.7109761723319,-665.5715392426911,-496.64014736839454,-281.7709306394598,19.73341585099876,4
26017,-1716419153.1913016,-31781804.46882863,-26772739.65103873,-27330.68532602189,10251.714976054827,-1197.9129333202231,856.178417574168,972.0756632405073,-352.74621499969845,-1.4024915032149325,4
26019,-2087158958.1998692,-207229946.17832243,-26855518.07750643,35975.19069270149,-4202.645156457929,-604.8122284993084,-1225.7510250241687,984.6958225024307,191.92475454035068,12.866628220000885,4
26021,-1328453573.4096503,105849008.93909301,15866499.148089387,-114390.00959277608,18005.16541654617,-2311.642150175121,274.4992643309197,93.05502639063481,215.25349468536461,16.675151767795484,4
26023,-1424181843.0791879,-187040490.12292293,9685465.604045033,44476.9659944357,418.2199148503571,2355.6851075482905,-400.5266574654897,-450.2788738307064,-203.46664036530908,10.800532509133483,4
26025,-783436113.6652688,15842779.540949112,7725310.972259904,-51806.907048374436,12066.129918937295,2305.869365185822,565.3603209890491,14.964316577229068,368.03178769186405,-7.227742902769193,4
26027,-1489191851.4942994,-160585468.96049896,-16391773.934148662,12206.1991628677,17014.683160682285,654.1343542047333,-93.66481713836092,-393.8201184862705,590.1454597392161,20.911440466323032,4
26029,-1746335839.2682765,-193488881.05018583,-3544682.307965403,34899.89568558148,-10303.49334336751,-2092.642739060335,-389.5291962248023,-241.40373509765163,-26.366209901138003,3.7973910484013422,4
26031,-644659533.7908357,-216030255.19283783,-18330087.694784172,33820.18666258468,-2355.181092803487,-842.0297933217217,-335.22101611834927,-512.5136377347204,-99.30550894439925,-10.769989804674477,4
26033,2433109898.5648885,-238924153.72108305,-5682331.707066737,31450.40866425538,-9391.900606686495,8593.794023564098,45.500169178300666,-1007.0376023012008,-343.87942769932033,-8.591960391826548,0
26035,-1207689778.807284,-195433582.2119693,1444584.1423525594,34177.670423235635,-7774.06600028013,-3522.1065100433966,-433.45790031650114,-186.56726866749645,-32.921249331658764,-3.7186503639118422,4
26037,-1237477185.6846962,-100695221.89094466,-14229187.884895291,-22199.96729799427,18099.505179408436,2427.2248536396737,118.88234225671461,-507.0500872928499,683.8898639773896,16.20026893718178,4
42053,-1693505054.296973,-211952076.21491763,-27652749.629655343,29285.251168162515,-17164.58734804587,-168.79002107099612,-1061.0696132670162,974.2496025133313,240.28793739554507,-12.776125166166233,4
26041,998873053.3061405,-200428963.66859666,25882631.57478809,25766.283004267498,-23426.112032842553,-2474.2335988392415,-177.31425488347415,-217.38786244177805,-78.02165639501433,-14.2367176106266,0
26043,-497508817.0801509,-188107734.16198805,21335918.142869942,26209.738226182446,-30975.54970076384,-2123.7519081668447,-100.56861983482398,-233.76412697780373,-15.774817633603543,-11.47681714836128,0
26045,-1237239687.7487144,-42092909.62786534,14513888.038478967,-25368.895384718675,10570.114773587382,1363.3839810054312,486.5514807540779,116.33779482068212,358.2624121666191,5.67319678130894,4
26047,-1556591183.2782023,-199014686.77170682,-8303537.867941829,39808.81218829865,-303.34694904051906,167.22470761794438,-355.2230022681063,-529.1973569094826,-136.36608331182518,7.229541133647114,4
26049,-1342251266.494659,736900414.7420306,-13263796.453819295,-381239.5359218455,32773.139892771826,-3132.2541171590815,89.49045233149556,-107.30380954139626,-192.15464988777657,38.77010381202478,4
26051,-1425178445.8323393,-208539203.3336673,-19269039.968266997,36384.52059147337,-150.12724753734278,-1480.6016233876837,-498.18246294164794,-294.17663439218387,-51.868956953445704,-0.2582959979667613,4
26053,771039882.6864425,-232771870.36895865,-20873305.2691774,23784.358401995574,-16383.589511301432,37.46053649197042,-50.3507037858768,-689.5541104371657,-89.91550534065009,-14.890878134815692,0
26055,-1631422276.1491098,-112083389.09134656,107661996.07082407,48128.27490042712,-11300.305148753749,-7673.374218466948,-380.04780535782413,18.383305705653047,-206.4718528581191,28.988796880232574,4
55023,-1175314863.6566937,-208252353.94171244,-15354150.795161154,30989.576462814613,-17020.88106458091,1301.8713839516568,-30.33143125598718,-750.734151221139,-97.07511882439874,-10.47605973485972,4
26057,-1189414755.0305412,-199844988.17454144,-4235744.8344570035,47248.83084025754,2072.3326911159747,8705.825186420281,-9.834669927020904,-1221.1423795695193,-379.92657166552675,5.3743067048781885,4
26059,-1086725510.5804725,-192945971.55142698,6501601.546544775,43462.23087249749,5543.595707079946,82.19045622671653,-486.03635109712764,-390.26111438527033,-185.963979906779,4.330200814627379,4
26061,415819003.31403387,-207395379.4151896,8270514.31023056,35924.44956529037,-18089.517742666307,8904.295350387136,-60.20717538258819,-667.7256742558938,-259.3061642817186,-6.312858718449043,0
26063,-201762379.6830398,-223756430.1094373,-22475772.99114159,36550.340436683815,8882.185105201019,-1241.314953366388,-396.80572346530033,-634.1817341436528,-161.0509127526671,-12.322089930702512,0
26065,-1401069964.7028522,190657594.1909394,-12634059.347532786,16807.023590981215,10238.993577738938,29.487823456246225,1554.8500677134768,-230.5787302939447,273.99652429883304,-0.6337348663703087,4
26067,-1193304501.4660358,-180354670.46573174,21946157.770804536,53952.87363182959,11613.214674416718,6269.141795748792,-570.7360587509615,-398.7306756310582,-330.187475659548,16.470778860552304,4
26141,-848025625.0299273,-218667137.15881798,-24751786.147653814,29086.180440843455,-14355.545379145622,576.0277733998174,174.07788411366553,-1156.2958511088132,-145.42597962292157,-16.26895393877141,4
26069,-1271125012.281856,-184204377.61612698,15664885.305019034,27335.45360093387,-21492.898019018696,-7633.798426637535,-290.8611734664756,-85.56515810031706,59.75649220633879,-9.79129725571861,4
26071,1009321447.1065626,-239411921.33171758,-26446618.843523126,21132.269541840848,-18510.949278638658,-75.26179308504517,76.47872714028824,-865.0390106272569,-95.9360773860607,-15.940133747895047,0
55078,-1948331939.8397837,-208895271.47174552,-27136673.89579394,28339.766526685526,-21627.43947827826,118.77742437109472,-1009.4764432504187,971.6575006688633,259.3163789535459,-16.636307866942506,4
26073,-1190943360.83852,-176757712.75975135,26821526.88338155,63096.486793430464,6201.582411909831,19796.935316556315,-495.3141230501089,-523.5357015936418,-504.68225559790375,19.989317006857544,4
26075,-796747022.4098418,21313079.676130667,-17836426.891227417,-49309.8702273628,49602.41852278827,-4163.9804584688,279.96830088894535,153.82915229486898,25.817105724468114,0.009526621852636601,4
26077,-1429188163.906798,309283660.22418797,-25758034.439747557,-178250.05180796306,14164.856637822391,-1201.5685585290403,488.5522777102736,814.7647807766671,-447.3041048171884,0.02375792750787877,4
26079,-1211780203.1709645,-211992775.75708568,-20904298.937248774,31321.06067082515,-10648.895220990522,-850.4760902621532,-331.74298490209674,-364.55661520590223,-21.98492251153093,-10.674142422183007,4
26081,-583414245.5604789,742439069.0587494,2323043.596695632,-120831.40288487998,67485.67585881085,986.6452064118249,-162.26028690033198,-407.2310613565251,62.949890872125955,14.069344396730122,4
26083,-1279907934.0020688,-216913434.72102717,-28490369.381030537,24802.74609182623,-24579.81021177612,14.307950285555151,-964.3244910922775,967.8503619091224,266.76464368573545,-20.56726324529046,4
26087,-928737800.3393507,-186004931.82289854,17588129.299292516,63981.28767003375,49930.495525803664,-381.148123282443,-422.6003968755428,6.6623352299434755,-31.72690252816816,17.0803213741008,4
26089,-1990907829.8757408,-202468716.9797708,-19086877.855719265,36025.964730467334,-3777.3229591876816,-1992.3023567715982,-645.0528511281024,22.066603203769183,30.059353340846606,11.689670043791454,4
26091,-559225183.888538,-162431905.8957522,55027713.25982724,72015.31753646504,22659.515646218868,18150.34577050233,-982.6293020132412,41.758902821560895,-552.4678352673667,15.612269398811756,0
26093,-1383453453.9107118,227672889.16469714,-14116451.441708095,-232395.38512499174,39928.62733195159,-3125.3841371069975,-206.84434194866964,8.586326843849928,66.95581084537395,37.30196551912781,4
26095,32142062.639249984,-229014924.8960647,-26251110.287564512,22577.548463400464,-24234.067722878655,1432.6854797144638,529.1507583469414,-1545.3197699797117,-183.70163652314417,-14.426185001234346,0
26097,479611965.6118379,-232812245.55674285,-25043394.2053085,22134.51262492263,-18729.61562456792,-917.9442827254531,-176.84164273211087,-433.08391775288396,-10.5554132911096,-16.629172195909174,0
26099,-1980549079.4820273,883556707.2551734,-11170436.082936024,240425.3829575274,-10612.43723596617,1529.575300451397,1092.754234308213,-807.873912591371,556.8909922239552,51.014881568211074,4
26101,-1286024990.135382,-198368989.02730802,-3613208.2804922154,33432.84311862912,-14248.927562197927,-44.4878857226679,-242.08276019465998,-418.28754606468897,-68.98232110382851,-5.566033824980396,4
26103,3325507914.010423,-218120206.27601793,34925884.11283703,39507.851528010906,-8194.188091925382,12753.08575209127,-428.34080787164845,-173.49522214072513,-386.9770999705558,-8.412599267236434,0
26105,-1460007022.2085705,-194154596.47856036,-397107.56046287087,35789.22590073182,-11203.562538262451,-85.80570548727974,-288.3312693664222,-399.8005926440013,-85.18572656647198,-0.6032529240925564,4
26107,-1241847187.762317,-194616625.7942214,2061921.8086276331,43627.63800546289,2591.052482359577,2321.3721553795067,-369.76742445962185,-557.0509049712806,-212.77553098096834,5.952423363213445,4
26109,558997554.2840378,-229602681.82519394,-19601722.03918594,30361.97645294913,-9905.078031368692,3695.0866142940054,300.52069098657506,-1449.7741657084123,-286.8195865931859,-13.836437131592898,0
26111,-1427552416.3824594,-76663205.54840387,-27549660.07944775,-27818.19698271347,14874.718212866928,-1498.3162756170655,460.14032493429534,983.3448155037757,-298.87726293139735,-7.1768315618581,4
26113,-1189757256.8116212,-217994839.76345345,-28672940.26092916,31286.159243393144,-8021.106371113069,-751.4961465433494,-1167.0486690764706,979.5765047307144,201.43613322306848,-9.298820124978205,4
26115,-1367193288.529618,56205181.178069316,-14128703.78519923,-81359.62619559088,35410.33747281605,-880.9172636489766,243.10811781500465,-213.800773816697,336.0991999446077,29.179253635688926,4
26117,-685608585.2760946,-208983328.74089175,-9422220.057768233,53790.85049431497,37718.12427486243,-182.70754634733137,-717.1409798667972,-678.4082488615948,-339.9669651772664,7.076790508150489,4
26119,-1255912910.866914,-217201264.9031673,-28538962.616271045,28798.247530158013,-14642.721865787043,-434.6609682767011,-1086.375528504829,974.9650223831563,227.74335124843353,-13.394845419174287,4
26121,-1597958141.3424954,151216577.6619473,17871452.810459316,-116576.25551611102,560.9359183954101,-8437.941965885919,834.1318101759314,158.96487913768374,119.90231321112476,9.198076925239166,4
26123,-291456125.98320395,-212780960.7209135,-8967894.054740565,42731.99055992915,19451.735310759897,-2546.5241697671177,-671.6520096032164,-351.4483365896669,-182.14787588190242,-6.986580954901836,0
26125,-1050737161.788019,1996369482.1985786,8989358.540978689,-423566.56522983406,-11570.065367227704,942.0447747909097,-460.99176612730105,-888.9213451927099,42.72272706715782,24.261620928200035,4
26127,-1386391397.8029273,-210489794.31763887,-21347047.937311865,37318.736828612746,2026.408029094508,-940.028809293167,-401.97411990239516,-509.3651000945166,-98.15201795574212,-0.30659916747696797,4
26129,-1194293938.769288,-217940414.89323953,-28663751.127423473,34977.86463060657,934.0940535985867,-1146.8907584829046,-1277.3873387396607,986.0508348895689,166.43312939620446,-3.202213223243882,4
26131,1544312304.4986203,-250791710.7593233,-34209990.890965015,17045.295854152875,-19544.9878659314,-1203.299884365104,-989.092970713976,964.4648976241506,229.69749660145527,-15.63222553517264,0
26133,-1183658732.3884213,-218067989.59730384,-28685289.21035572,35920.630787675545,3320.964661307029,-1256.4473433880323,-1306.6418606755042,987.7456187325014,157.03176277659358,-1.7834507809110955,4
26135,-1186076608.5128412,-218038995.5517557,-28680395.61805207,27941.475546894984,-16138.1549734407,-392.95618120339714,-1067.0423076303375,973.7095591199627,233.16547310703476,-14.77165545990359,4
26137,-1390306602.280412,-190666950.7168191,5282142.949762694,29422.872461174484,-17192.548489950474,-5685.962736892597,-373.9959743343812,-71.7063015378544,47.732811887419174,-7.2077611603545115,4
26139,-1433367898.4912553,330868775.9489139,-19238076.248234853,-189833.12243987023,24731.39398173139,386.02979941634976,473.6659551345844,-777.9086429098585,539.4456735914168,34.472324734878676,4
26143,-1370887383.6839542,-194078425.9127205,964042.6640780163,31123.18214454215,-15109.706714044207,-3741.2961751697026,-368.2346528556278,-148.59481492134424,13.058950072812328,-6.076997144820069,4
26145,-472787544.6906601,102323869.18707037,-19596866.324174255,-71880.07715264685,42412.54276610997,-906.4265324297285,493.63848360415216,-471.662743894597,396.999830841174,-5.951971708647225,0
26147,-741373996.7509778,62868703.98431884,-28077822.015355185,-89652.54930759728,45347.75376906999,-3030.737499363809,62.434132108007745,872.6222838757253,-436.0497136751358,-11.980915308811726,4
26149,-1470457954.0390203,-152321739.3078998,55768489.7331541,42655.50929205795,-7663.882734458498,-5192.751270632477,-410.8502401021077,-117.7150973061637,-141.1590799175304,13.402599220806342,4
26151,261648513.69172665,-225300710.25711417,-25768206.837055773,35996.6583565995,21318.92821130815,-1704.5411063802894,246.987738899823,-341.1582594752446,399.95743302880857,-21.553090526615932,0
26153,1025829278.11436,-236111915.06041905,-21771184.102850556,17672.638130059255,-25031.806493973247,-1723.92622326423,-202.2425529157576,-235.8181350221965,42.37428286335518,-12.613110393911452,0
26155,-1347813615.1714675,-170109925.44473043,31353582.131109424,57050.829437609886,10365.150712406858,10091.480185829778,-154.4099702701517,-74.30817332331935,-89.7775200691457,18.463169594782393,4
26157,-328495970.2413052,-212157771.20610842,-8652096.344687747,47285.83031018941,27915.8352062898,-1756.6403361070847,-713.674782722052,-460.98351769693886,-248.38582927641818,-3.82889106053937,0
26159,-1071841161.7435032,-158575245.41319323,25827245.77720836,36807.71139862267,26644.636789568027,-5648.099375524231,-146.84900723330662,191.91812295383767,201.40086085976958,8.786252083307732,4
55113,1341863409.2274199,-241609714.13575727,-24708792.121994223,21195.122187345158,-12841.548965244794,-2380.9355339299427,-386.87088600253094,-167.854230108324,9.174165915948729,-17.444106084268824,0
26161,-913419215.8409183,322384816.3604582,-7190274.342735289,-50741.97179753617,30151.9329189599,1874.439559428473,808.7937273714032,-392.1581653804628,325.77808763120237,3.225714164871614,4
26163,-1992141241.755922,2034121788.9343355,-16657366.93312119,668391.8495891728,-28619.439861782517,-1817.8135209636696,-1250.6037475155267,46.685706545567946,-17.61481702973538,138.5184262920116,4
26165,-1204438103.7169347,-196475682.76559576,87681.13259892054,37246.83342505991,-7368.884597709241,419.34683310571626,-308.85809402233554,-442.1184494999916,-120.86396055288316,-1.8074720536535671,4
37001,-1844111358.9804478,108671008.19343764,-25870383.039102998,-118872.34572247457,18607.02563466541,-1336.7502198545556,305.67165934145686,904.9372139445488,-368.7160606787399,31.509542141059075,4
37003,-2331500046.9933214,-156643289.98581207,-4155227.1923049134,13264.697726180224,37.66157535720459,-4273.555988683226,-191.9316103372998,241.3054445737617,336.1332880966776,50.12591334752907,4
37005,-2397170060.14821,-203511174.33726344,-26227683.64202729,33681.322470498344,-12418.042388371452,-131.46370741232144,-1128.64657856081,979.557377264743,225.95429167942538,10.147487756962603,4
37007,-1321087451.4600022,-203550075.28630736,-11082892.9866506,35259.38490897718,-4656.739374499348,-1700.6376151113698,-431.8284618566979,-294.6278019006377,-52.013722493281286,-2.5713245917883483,4
37009,-1707271098.0927036,-198294359.0496863,-9461867.278266968,35502.25130459008,-2830.2179175117967,-4166.183898559551,-635.8600740371999,29.56641537341447,23.80168023312286,6.978372734773885,4
37011,-2357239675.404636,-198385613.4907054,-18764000.735022336,35474.71362322942,-8684.201549602618,-1315.6893097100099,-536.6758130359156,-73.14479961620978,33.53296637443563,20.924338382114506,4
37013,-256601882.4390171,-190919842.06687254,20952642.19263665,36167.32294863223,-1765.7329338684162,-5028.65268880029,-467.09363284862906,-184.68821685556225,-107.58668612332956,-11.034983041766429,0
37015,-701232909.8691345,-218080609.60030702,-21889132.463845007,32217.87992907722,-6311.16511672156,-86.49063623007184,-146.95545724268996,-764.1862682274154,-120.7285617135179,-12.74418252371095,4
37017,-60340321.32439317,-225411848.5747922,-22706954.00574799,36880.044897704174,11904.291437069822,-1974.3930919695624,-537.5535570994568,-449.2736872704539,-137.64645341650936,-12.883974473526465,0
37019,-283599557.5849051,27644538.09521651,42044588.76318585,-114761.47102784473,2929.3757087738477,-8223.418259187578,91.61641301106675,130.5195026163746,218.34911297620425,-22.20179769247543,0
37021,-1126942581.077207,410779970.4479611,-25882973.25704909,-333158.9909690553,24833.72235930885,-1426.4911923615787,-46.6428367513229,760.2477225890837,-493.60260667141483,-4.0626282920871475,4
37023,-1525724629.8042564,73080302.81298248,-26662371.7627574,-183700.03175015558,11374.080279112362,-986.0217582191731,-308.55146693257865,891.7388586865939,-222.78902442465397,7.421695509643488,4
37025,-2127685973.1029103,240029969.41900432,-24229441.19275981,-202925.47138273017,2304.1598952095624,-292.9923426121274,537.3439217482828,-253.59064429584305,335.0425423350207,61.75781321872377,4
37027,-1652164141.933914,66087250.27256438,-26445745.13204902,-175247.65917861255,-1335.8474014370356,-407.0244851017277,-91.35501709599409,888.6703470967782,-177.354679924024,0.4298731269677992,4
37031,-1489612903.537333,-97835058.07477562,128845105.83978777,28241.592098069188,-46393.23019429588,-16902.09469994582,225.57543348093705,-164.56193203872468,-20.43670982941601,-7.881324223100455,4
37033,-1702154246.8407328,-211359211.61466387,-26976826.880951047,37772.89529245203,3319.049197091713,-1078.4215469337184,-633.8838347063959,-159.29765506387614,-26.208400628999147,6.620010556242639,4
37035,-2022478886.955683,292031838.9225873,7230986.442032209,-307951.48829100066,4277.353483779978,-7226.370741694454,155.82365645207668,111.99523839617436,28.6310875732458,71.13490833319736,4
37037,-790251750.2337829,-173172185.61203757,11446485.077985065,36126.02465182067,15401.090282144529,-2126.220177456093,470.39736571324414,239.88817224624074,393.5723695618962,-10.730147373594331,4
37039,-1590073019.3441825,-213192794.73788685,-27862216.50503583,39495.03399971822,8584.768041873767,-1346.7057476466966,-1376.744983438259,992.6216298956845,138.8932665629198,11.669865176654259,4
37041,-2631896409.95319,-193212469.63351372,-15679072.09129877,35616.467656429,-16199.716523534957,1487.220750749352,-28.486507950070948,-802.2182856680604,-88.19506959597157,23.327982972593567,4
37043,-2471551915.2572947,-202618918.07880726,-26077045.32062607,33646.220568367644,-13133.88979614617,-73.54161323539788,-1120.793452684791,979.2418637111044,229.20055259639526,12.06739614181883,4
37045,-1634946875.4744296,-91095294.59801675,81482029.10855635,24329.967402602346,10197.763191861344,-12473.548708574492,343.9977736589051,306.12025554707714,279.6024287607723,32.76246429386506,4
37047,151357828.05871198,-202223484.30612475,11497746.16155174,40336.66151525996,20008.79472523915,-8555.681796997975,-772.8914966464002,-92.86051440212674,-130.05513484427496,-14.064309911070461,0
37049,-767077836.1441369,-6908557.57145393,22948437.741482675,-64717.07880470466,-8793.374281340035,5611.693403985806,397.6641488250772,112.61768858667084,434.3893057509584,-9.605898860769397,4
37051,-1163733354.5369284,459096200.7033578,-25586683.26026666,-228314.65000381466,8369.407138740213,-966.4763846652608,518.3150005432866,742.369208729695,-472.14891273422046,-17.83030376902831,4
37053,-2300396871.5793533,-202827516.52926067,-23940690.66969715,39285.49510045018,2373.13148037054,-1462.9821295816837,-919.475050447307,340.6058857727721,64.25392152037445,37.5820304280406,4
37055,-1904538368.7844338,-140398618.0659511,65688421.400035284,23775.102991413387,-43242.83912292709,-12616.824211110506,109.33308381685738,-193.40171737564344,80.3306244506617,-8.566070365996897,4
37057,-1397024041.608551,159369829.11347744,-26516004.26996258,-203161.14795101676,58804.46325513734,-3057.2299405994318,-672.1939140657363,892.4564220016789,-484.6874688394285,42.11457133008457,4
37059,-2316924082.244608,-154452738.04037488,-6624537.686916066,14302.391859921836,3366.6476976002964,-3497.926391228909,-19.517234501447707,240.98300188140024,352.5261645386678,52.534938834320585,4
37061,-279214915.29067177,-214555401.36234856,-11183682.541957894,48958.97004596717,33374.02474019361,-2005.385180150349,-766.6650200359221,-484.83085528284226,-268.1498662495556,-3.601409762609931,0
37063,-2449880907.024387,346797887.4054413,-23573858.7822876,-138299.63049734148,-22008.826576307016,631.8419368222494,1141.2325922737984,788.9025185237754,-330.81180842049775,31.326037841039177,4
37065,-1444706195.1200745,-143532216.93204007,615481.1592886784,17010.61984693585,-2203.430930939092,2826.194985527757,764.5666490423672,-37.77645935288242,499.57864961004753,-1.6311891440122064,4
37067,-2191824350.5259056,778959501.6732192,-22079495.241923336,-492360.07569666987,-26694.869725359156,1485.1089821233306,590.6434016712932,571.3444589173703,-426.33360537368276,53.70842875560785,4
37069,-1475168721.4154916,-178721381.09159136,-17705076.026579227,29867.44264963405,36394.07577850571,-2222.242122832814,-498.78457174470066,-82.10127082155117,359.59291818019284,32.171292259096,4
37071,-2196421361.5946565,339698910.04834145,-2314200.296882825,-265630.6171399304,665.834668441412,-2059.22958600327,432.8901968280962,-23.613308696701022,146.25869006765615,94.4253232317215,4
37073,-2011193885.185624,-208141198.03462318,-27009363.966168217,32841.14810756429,-11193.98259370268,-321.62044297615967,-1138.7201663474266,979.4035380014657,218.84708823145337,-0.5505730584129883,4
37075,-2188333711.7635922,-206016297.80559957,-26650620.353649385,31693.43877534603,-15491.144229165142,-68.75240887494418,-1088.138089208759,976.7424575328199,236.7463232313333,-3.5761360516317846,4
37077,-1357054140.8511062,-151421794.97491089,51402874.86168153,37181.71172920853,-7599.7121740014545,-5497.065831812574,170.51610442024804,164.99127562561983,218.79215258022813,1.5717463629605062,4
37079,-2284114710.031902,-204867336.83394837,-26456641.677685555,38747.87663637676,883.0587040718524,-760.931280819159,-1290.8478972767186,988.9683025748976,173.1622686516869,33.17168757827388,4
37081,-1340294562.3696043,811317018.2955928,-23606803.272287183,-347647.00427486026,23663.03240619703,-1373.3968596136954,110.74932134987931,595.934463650447,-621.4412314738884,19.35844543458995,4
37083,-634156573.6204717,-186490183.18745193,21583523.031943735,46418.100057798154,-512.0218079354426,5677.56035381226,-425.0860747881308,-380.605365840501,-272.3187523684193,-0.28800712624207925,4
37085,-1163245674.9319232,-83525574.51260968,86672379.93924251,24608.452573875897,21601.54304243947,-8369.005778771747,28.833230343612243,371.9404018812956,156.22897821003107,17.011871067319493,4
37087,-1273432563.0730088,-117573184.88178718,-28042782.64689409,-23862.33747463195,11684.449379116659,-1425.448287943152,87.28749194960832,986.9192529118471,-198.72068242981894,-10.809546784295847,4
37089,-2043113840.2461205,140176657.64161393,-25332397.001993537,-218257.10964294587,5181.880177363643,-459.3184654522384,-124.060192558397,864.6861836904221,-243.511631392978,41.554084866138005,4
37091,-1972863313.7199032,-197890170.83393186,-12668645.826684875,38690.58674977972,-8095.040387846197,2564.2484505442803,-34.88221531749534,-948.3919616622385,-179.8793561718319,9.480608311356065,4
37093,-1872263091.3071308,-105725383.62707295,-26808415.792180147,-32902.54319078123,-4621.673173894546,-483.15984512258774,237.6272784569425,973.6418673076125,-126.03458890292279,-4.309359019645845,4
37095,-1014053214.7533212,-220102525.07862714,-29028778.693785258,25799.46341858676,-19898.693876187775,-286.81744814279523,-1018.4676368871204,970.5659230625511,246.81927916657352,-17.554520193933943,4
37097,-1328733773.8579767,179699913.66687033,-26556311.417815555,-212901.21655178876,36536.06247328399,-2096.8729939658874,-306.92658217769355,869.5589244833066,-420.1529111114073,16.906542431231145,4
37099,-1474697616.5769858,-195508812.08082554,-2427561.2299483903,42904.32941980786,4626.167679583403,365.01771235351316,-430.36355587714877,-492.35772119263925,-172.16032298582272,11.040145438843066,4
37101,-517243359.9056072,57218239.11450798,123523288.76103692,-63671.2932671332,34289.01923596585,-20167.025512921948,-39.75794101760892,176.14102787229857,6.514120784844141,-8.889741815400246,0
37103,-1534100153.1946585,-213864235.57423556,-27975576.585184608,30014.909103088292,-14036.164497985721,-363.6020188636457,-1097.4961769067984,976.1085182055624,227.07160698898775,-10.970260197066382,4
37105,-2376248736.5515876,-133078493.56196824,68880554.6690292,43016.42707352191,-21323.23217887161,-3079.1731610202787,-275.28553172516956,-78.37106485107378,-119.52871333459956,58.80187855958961,4
37107,-1853836402.749691,-124424494.85169783,87907983.04927057,34163.08336197951,-27062.360111722515,-13072.476747850462,-81.80749318867925,-156.57350060512374,-41.031884656559996,15.667714601951179,4
37109,-2245587448.102994,-79067445.30813676,80338033.23325105,4609.151174446888,-7271.238845630246,-19696.153394041714,520.9331684684558,103.14775027260387,341.5804413883477,75.62193630414144,4
37111,-1672608824.1648026,-173750066.69945693,24054169.9113212,37839.767110487905,-2027.2820190411765,-8512.406826861208,-504.648457669699,-108.4104446665471,-37.76455775230029,16.3251604386649,4
37113,-1386248715.232101,-193311012.16317806,1780146.9921758384,35033.95464157249,-1582.5694325659813,-6638.697140966518,-603.2950231283949,-2.4025089572764813,8.700418919996094,2.048053468528782,4
37115,-1614383727.610354,-206323288.45292926,-27782502.920079295,31013.398202450433,-2898.894549533473,-776.3970253324558,447.7811401390906,1023.2086124103411,-130.90993134664524,-25.65622914539603,4
37117,-1574748924.1109865,-205367511.0783971,-17111809.461300027,37077.337011488344,-4714.177706776025,994.9070974458792,-118.62322272426692,-862.9581285646013,-156.49078267218033,0.2142659384070051,4
37119,-2143160236.8269117,1640311995.1554582,-18184187.6235915,-447285.7775777402,-60466.934602131965,2554.6518890065518,468.7950988041154,173.9548952800601,-395.99414807140266,31.684590633367065,4
37121,-2456308300.935108,-190285701.24878687,-9259431.442739198,31562.27691608672,-15966.146015905284,-4509.177166311445,-602.1540228378379,230.37587694174758,131.16987719596443,18.170666815935498,4
37123,-1468401935.9992065,-199140835.0817995,-7227878.588237101,35302.74864131632,-5543.445999377139,-2487.6261417119167,-463.5543931987717,-211.75298615425913,-32.908972637231294,0.2983830918441976,4
37125,-784981333.7138686,-110264346.04341966,122064714.96056895,38625.228068274184,-14826.180843784066,-17589.309162242993,-169.53334874029028,-136.41661699045602,-144.2150382970174,-7.862565142084447,4
37127,-1338394184.558627,-79326894.3001323,-27737611.165237743,-16944.21162081721,27875.34845319954,-2117.214310945186,412.9012126686787,996.1464311033864,-368.67681248798823,-2.7286535468827458,4
37129,-2752627204.0016656,251276899.35773575,-23420181.207149297,-126668.74816895589,-33534.37929848209,1239.8789342995397,1286.6887750220906,823.87131258691,-255.11495441269602,10.116934924224935,4
37131,-1296411440.9423428,-211819452.79300523,-21866203.73057042,34514.92962371676,-3393.376646024221,-1002.5556762287262,-398.30113975372905,-403.05352251323825,-55.53067629516204,-5.80227128491248,4
37133,-656233106.8101101,155616010.58840567,89875640.20710866,-111319.13648007203,-14368.781301889332,-24324.262214816008,1273.6443839105004,-43.63334519782093,216.99994651033398,-36.75948376212245,4
37135,-1889426093.5569947,-5361361.599094744,-26309561.76458978,-15302.20618443526,17369.727726454297,-1474.6520823963529,998.0918032847478,973.6652820344675,-426.0408674786689,16.773792123421316,4
37137,-2025505054.9593976,-207969526.01953822,-26980380.72891828,33401.12682004769,-9951.05154163285,-371.68288279381767,-1154.2038335827046,980.3459198597448,214.066099194643,1.7602665443751355,4
37139,-2457567367.882845,-161379196.92737365,29635193.442501277,43295.08688332266,-19076.238186215127,3908.226108799322,-256.7595843063215,-290.22248732424447,-145.04056723686,43.51200965911749,4
37141,-109405564.28870448,-176045960.74422675,27871231.404038154,23907.931492118794,32.79181582313631,-11404.509490601136,124.0481048437281,195.6843035217091,307.43954494515765,-23.71284600945029,0
37143,-2353111769.9469023,-204039679.41764808,-26316910.194466155,34754.55735019223,-9430.086119252115,-279.43758445584933,-1164.8404456170183,981.6223975887217,213.98220486322322,14.928051983236035,4
37145,-1834220005.7936754,-192543738.34395158,-3513551.200528189,43738.79267581152,5556.36099983474,-176.9036968943375,-464.6125374950938,-457.9329070291205,-155.8623022164879,24.76230115188699,4
37147,-1000712832.3384589,66220068.72381242,-1604702.8087586635,-48688.3619184048,13129.829729278385,-4398.240026115855,975.0385816914344,175.3612765136989,124.43648530870297,-13.254243890789505,4
37149,-2390229440.1039248,-199435863.29180822,-20643698.19611755,37533.557601337496,-3949.9098525643076,-1103.449372067083,-560.658460749444,-135.56319316265942,4.734770816313576,32.465437903559064,4
37151,-497384291.43969035,-44913102.65939344,88652675.42532116,-1450.63029398457,39558.209407632385,-7673.967461351647,-312.0454645477983,386.19111170070113,37.725614711477654,-1.1344386080756503,0
37153,-1567432289.3989048,-152614074.5337148,54005437.654432595,34333.68859244676,-23573.648474561935,-6720.086275696138,-197.6129204976174,-143.86911455109686,-47.98406489678133,2.186105166588914,4
37155,141729166.55627874,-128621887.38188057,107269293.17467402,66508.85927716142,43451.07524904047,-6614.54450802891,-411.66668538012107,492.4105441282418,-70.3393234686783,-16.44095541309267,0
37157,-1245408315.6533377,-137517168.33887243,78875913.56808151,55012.81813038055,17690.400006997384,-7872.942395008344,-722.6308232183893,-40.26350381593967,-275.7512653456652,26.40711220716199,4
37159,-1524955648.488951,107278484.38654856,-26505429.88941746,-157371.98571728787,30933.034908406098,-1899.0430889642234,-177.06871786309708,901.5983498658081,-371.1260160510294,23.31995036920476,4
37161,-1254866626.5965226,-131513185.50385176,86824613.81419282,32543.404836192094,-10418.804493221864,-22046.36618410985,-166.28443822759886,-267.64698950355506,-30.714217353584363,1.6146726362968158,4
37163,187713985.28768706,-215013103.6372288,-5205533.890597485,48285.28117412448,35311.67542889127,-3513.117628206816,-867.9748034831542,-319.6511550074735,-254.84202735775847,-10.081106755928792,0
37165,-2120511207.7312603,-165740511.93592694,28524361.320933916,36632.10496056957,-19927.997161690662,-2551.785244818477,-261.5579571444145,-204.35738077684903,-50.01932076483533,17.906274826431282,4
37167,-1848470792.6931064,-159217402.8709026,41147356.38065385,44327.45969635972,5749.329011667301,-8920.148568084524,-565.3802230028765,-133.37393179774847,-114.81339153562627,40.50216017452787,4
37169,-1637408282.6964426,-159130185.31438726,-27518458.742191352,4633.445193651066,17502.992346002793,-1611.2307388117827,-255.78686739323433,1005.7306010950842,-150.12809595073102,7.412856779474933,4
37171,-1358524004.4521477,-148616110.1476527,62337619.5500224,43289.47511230351,10493.386608186976,-15532.973683542206,-545.8795158844803,-157.87957423073155,-122.40960704529972,19.76687083785323,4
37173,-1324281400.6483274,-216381139.5278303,-28400501.59087062,31308.125437425268,-9107.591853833224,-655.9662958570456,-1155.432732180956,979.1354441425455,206.50752554611952,-8.796604523951462,4
37175,-1893884867.4184358,-178856364.0481321,12323195.240369651,35554.734228677655,-12736.605057053197,-2450.135052482599,235.7464261349908,60.86248549942385,296.57787767271384,4.302428846265296,4
37177,-1833231868.930651,-210275968.32617092,-27369774.997578703,28016.398403328487,-21439.827201543012,69.93399016385851,-1010.2730678785753,971.5035892107145,257.87679284134606,-16.936442255230467,4
37179,-1162234658.3387601,280612409.792253,-26416647.52030717,-248931.03419298105,26515.62051603539,-1658.3188180199618,-21.781603729819036,821.2501071550101,-447.9755124847816,-1.6337408875815718,4
37181,-2362374515.994071,-159301922.0674046,33775891.21202823,42027.76756255058,-11750.782699095871,-2315.7393455188326,-366.58657257321687,-191.30802265567635,-98.35379316888177,54.440940741017805,4
37183,-1040319205.7858683,1696774543.5405514,12352074.609975627,-607900.2379695385,-16911.84821301638,1452.4213470495429,50.479631033866276,-720.7915350808439,-28.85536555946814,-3.2553504780330047,4
37185,-1688849807.5739584,-212007909.9963473,-27662174.693980232,36380.671290643695,160.5649459142692,-938.4738851662839,-1274.3082174861338,986.7864916677156,172.45517396220689,5.758933266372348,4
37189,-2137514453.9851165,-173738699.07403985,17517470.063957036,51385.63968854731,86.77260713549333,7031.111733516959,-389.2288467508957,-502.53820660168833,-277.7328042418718,47.57176337695103,4
37191,-1332072501.4234083,7744650.906083985,-17515009.111413643,-79354.31297765892,36793.55219567293,-1110.0017752331182,-9.821534456898164,-264.6221626532369,410.45162475171895,29.68641018584595,4
37193,-544007998.7143946,-159781738.17196694,58810185.71404246,36199.99494323878,9237.750199602257,-20073.826291517475,-482.56560309425794,-190.27824743939712,-69.15655245084963,-10.485158649358675,0
37195,-1954613919.2878897,-147162342.15555528,54326024.637694985,68530.10871847319,-1664.285606404718,22770.420181198173,1099.4245062486546,882.2210343893594,554.3122213137377,29.381204492128,4
37197,-2042236516.7834923,-193519004.72285777,-7764151.517607195,43376.74554276271,9740.41394164493,-2855.6424639764286,-663.1710238662874,-196.58834590837284,-85.57530529919681,40.02708572910288,4
37199,-2113186010.5232043,-206917735.29609045,-26802807.92279996,36226.74856901305,-3810.3657602584876,-613.0393818806516,-1230.9135509801918,985.0536127089222,190.54325405920704,14.624083179656775,4
42001,-1414923287.8051739,-103660269.0750211,7617405.2892649695,17238.01976021999,32355.31245579052,728.0761813327315,383.25959648249557,100.94181254272353,322.3827656014424,25.205882828991406,4
42003,-1521283182.82319,1939536174.9610963,-18022619.08265194,-289521.9026210277,-34269.40527395196,700.6872178995311,-309.36668039927196,57.21798691522654,-445.7226969724288,20.73336056143702,4
42005,-885863682.2470572,-188376445.06838128,-3739260.2130659083,52231.43028072888,27699.610518323698,3360.509984947027,1451.815368932722,56.372743375487595,597.5518042760797,-14.102287952912475,4
42007,-1828490298.280206,152262071.2250956,-4362646.8977820035,-129513.9679873826,12767.910314977937,-2451.718951186085,507.4471300297931,46.44854683746168,182.76935241619148,41.7509352827768,4
42009,439767312.4261617,-224239816.98535702,-14363714.194966516,42174.67049495496,22230.12388043975,-784.9762797777684,-87.2129536102905,-417.10530997899104,9.070741704587954,-19.40122385932089,0
42011,-367581108.50273216,330256263.37463754,-11592550.526745092,-4810.114625482914,85867.08604367555,2947.209875939031,200.85626542619875,-830.9128388060067,437.3924592530798,12.385678305796851,0
42013,-1422643188.236745,-29851700.069242723,15865923.678321324,11766.153148185553,-3330.869001106774,611.4779212577855,1484.3214077938708,225.148231073895,370.9434090469727,-9.390708647577902,4
42015,926761734.288804,-219532560.3389396,-852062.4743142491,47795.088798413744,24083.69431548028,3938.5562522394243,-527.3502810949493,-707.0138329287093,-380.36448958698423,-13.40623447603176,0
42017,-1555705346.2176192,959789502.304671,-21096688.312484268,-263728.20094665216,14706.733415266553,-1297.957489816766,310.0027073835662,-233.92034370308534,-116.12755884246823,50.83069237133858,4
42019,-522244189.4388659,62098629.17053295,92401509.49689092,-46871.37705021146,34079.65293936726,303.11546813879414,-166.4252204679948,575.187689148643,53.86218451415017,-0.7007007457705584,0
42021,-850232406.7283089,-12726772.285700962,70695998.75180791,6560.115058426318,1596.8010640311472,-2684.9096354574244,1006.9272546878952,519.854225959936,333.44516603604967,-14.235090392240132,4
42023,-1809325440.5600164,-207231443.39043725,-22933772.791784093,28243.291332357792,-24908.101954477523,1600.9336145495,384.76736506901574,-1320.0910843438996,-126.93608776863158,-14.940945419072065,4
42025,-1899200387.3401837,-141119679.82796484,10992498.216384146,33316.935815565615,2548.118316640973,2331.4299318223493,1060.41845700112,197.53774046206792,499.1546463085258,16.850909709610086,4
42027,735459222.4322178,-95554148.3507974,4972356.048067898,68522.84927816705,26451.984354870045,892.2494043433456,2159.5651850181766,280.5989580543551,298.330675924393,-48.54546558142701,0
42029,-1133462256.8682733,1214156038.5580652,-19283908.376737326,-785615.4830093565,7841.405832804295,469.5040329303018,174.16722595255877,-785.6466412057391,-15.592930823996449,8.455949413459606,4
42031,-1069467034.6021858,-203173088.05145204,-7021869.055529092,41812.09998957376,7030.81476922728,62.699943075898155,-432.39698630785097,-536.0474547711248,-180.47818789063146,1.762198755491613,4
42033,893428490.0654509,-187126253.08444494,42300847.70029861,54252.469905671926,12232.610676519376,9551.342006657756,-711.9424977360092,-121.57261846988239,-414.32331440701273,-9.334514881150172,0
42035,-32386380.455317073,-195735849.13499567,17636108.40178298,34855.0485844182,-16511.283662088088,3092.7187437532534,-225.12874846656223,-362.9116086767332,-163.7304934122203,-9.093764069695023,0
42037,-1533551145.7071373,-111036333.83552252,-26976613.382837046,-6100.473459069088,5399.804815707003,-878.5376524560371,1018.0350918639899,-576.9910511109232,692.5890258278065,3.413157180384903,4
42039,410110669.87294054,-183626113.5828748,40186810.306489505,57651.1650655005,28189.191490750905,3585.2175749340554,-872.6225361642464,-139.19571815451957,-403.6408327608927,-8.122642836299026,0
42041,-1437991927.6645076,175761977.09749094,7719291.277101284,-60028.41603867347,23321.44345717114,3828.480838550573,678.809224185658,-86.96572448673668,316.7461282490624,28.084610597730666,4
42043,-1557063631.9445999,288008608.8439221,-9018656.00455725,-109975.36502428431,2864.5813256207593,3493.4141081519015,945.9839811814235,-508.62821129187915,518.6204028416355,16.42468468990364,4
42045,-2885300514.906044,493027889.42037225,-22038839.264911335,225777.9751695688,-28974.964555949213,164.28206429389408,2145.323788929361,765.7641228690046,-390.49323661573305,125.82796469847564,4
42047,-245661361.95324144,-205105626.42453703,2010994.9465799967,33401.089879164996,-12662.453669361965,1603.2118923324629,-212.247048272084,-483.99423460750216,-137.9071464198155,-9.880163768301994,0
42049,-503544162.7546348,145714706.6921987,18770782.98492329,30746.04186002606,29713.001324298988,10075.21405005462,970.5532790437429,97.76279758831548,324.2428231696025,-8.765306062976801,0
42051,-457371186.9962161,-18441643.900794983,-14576245.214485873,-50026.119346660904,47565.405048359586,-1785.9423226291867,66.2536569233823,-147.72208802414232,293.4783100122279,-3.6735107196049106,0
42055,-545418183.4411137,8034566.971907764,33288692.535469804,-40951.22199167501,29857.633413596934,4417.744581431033,44.108752403403486,259.139852036202,240.48131582078227,-1.7085196808651852,0
42057,-1655538281.463559,-212407506.54712793,-27729638.609956622,32972.565556372654,-7859.893331956962,-594.6458748413364,-1175.1292601209216,980.8904005979074,203.64226997153443,-3.4276715489994496,4
42059,-1161269883.5480945,-201176143.03212517,-5630189.476790251,43110.16461151416,1565.8569135496082,4157.353719564131,-184.81401760436793,-877.4013748870414,-263.1263182458817,2.478283405778924,4
42061,-64922665.63987051,-217572045.33002648,-12218148.266345602,45618.34718690632,10888.485739896192,7447.128832018397,98.00730463704592,-1565.690977919337,-456.20754156403535,-7.558740819165737,0
42063,-259922310.32444042,-187171527.204999,25951491.899364702,68035.84893367777,31710.345748278534,15240.117595664797,-820.3699530576199,-440.52059693450065,-563.5920150668828,8.294923251962032,0
42065,-889957184.7624532,-192462440.87205634,9931400.547183068,42346.200184094785,-890.3168929268734,2280.874870586439,-384.39840029804986,-438.8793450418603,-203.56585888186055,-0.30683141990898133,4
42067,-1832572328.9174821,-199643698.13039437,-13047865.675125519,36137.22631759652,-4931.3033196731785,-1879.902450032366,-486.52229657028465,-208.8909263021037,-21.705846603204293,7.790694325778502,4
42069,-1711865004.2969697,94296223.42874525,-17252683.865496453,16652.186220200416,9966.097847097088,-1985.8412165517705,1655.9848784266835,104.95562552201194,63.514325038176665,5.672578466357315,4
42071,-258924429.62631747,810141023.7995094,-1952381.4266314164,-362338.5802450777,78497.33644454206,-6183.293554458587,-457.4132038543907,-181.32195799370143,-340.1053739035589,-14.442563627379826,0
42073,-2006998949.2354822,-124043480.91842715,81261260.19950955,63693.17795275045,-3963.508486227828,16110.048362507396,-400.4146441734517,451.8505517085793,-179.40940165230504,58.612682540206414,4
42075,-2032575904.2909794,21269611.975052018,-25904203.06364314,-39667.941243563786,12727.67307983358,-1173.974785557696,839.046287393494,953.9715519878918,-381.1915444624923,27.862626549179573,4
42077,-2279488094.706116,451371006.7320511,-23424913.367355354,-130815.08019218623,-7306.980322929136,-115.56635902192956,969.0510653008067,754.6470805055749,-417.2174466427729,62.78517905247922,4
42079,-223231857.96192664,289809380.320782,-28223584.910163052,-78993.01163578617,43139.280253794204,-3128.1114650512327,520.3102505441873,847.6873182179604,-605.7486378864173,-36.1624988819726,0
42081,1172468031.2034616,-107903785.62277083,7306010.4980153935,19141.382583654147,14300.827864037412,976.5666247578373,1287.387879302643,203.37697442633353,359.8422897491916,-38.76876616363286,0
42083,316351325.9181806,-219870914.00912175,-9928154.516088326,42649.043125805016,4906.497489126615,7949.630490674651,63.432455927115285,-1376.7094948735626,-416.6526621635988,-9.394865101905568,0
42085,-867324941.8828151,-83449226.1000416,26477568.2405062,17988.85681570634,24123.24187943248,4038.517682987437,527.6615905220921,279.2746604117964,321.4368429548872,0.21903315997749379,4
42087,-1780413202.5918288,-173170518.21787533,23325556.019516245,45484.86252942783,-8757.763845161338,4634.9459303226295,-345.7272156918344,-356.3140084111565,-205.13212078896552,18.642898969668607,4
42089,-1218833021.1426225,127842365.29877916,144138640.05371618,-96411.19431579557,-2268.63204135866,-19836.618456313066,541.8622496840843,176.8676823828801,127.92980734314875,9.025946163787125,4
42091,-2156131651.4873314,1326852713.8186522,-19611141.44888962,-322026.4817003596,-33607.96391958219,1181.4465141735884,441.41075684194567,338.1289031764121,-440.09876634621867,107.98504042217864,4
42093,-2788657845.982514,-181366480.68087152,-25353989.041328352,29602.713550439898,-14432.977809335847,175.2694800926283,1630.1472767863918,1039.991780237215,-277.3268401116477,3.3369023132909743,4
42095,-2151733339.7392297,362473863.9675095,-24029768.59509077,-136040.01095492285,7303.033169107799,-559.7878705581691,1160.6663601409666,-2116.2835193069923,1359.0874159685184,102.67226423011361,4
42097,-1623830351.5266128,-150088659.4635899,49628418.15658025,79262.74041525324,5446.8351838977505,37867.97350486569,136.47942067070565,483.5651218571481,-65.17304699176631,33.60454662650748,4
42099,-1243028025.2027078,-208054137.16773808,-25925383.962562542,43773.86543136289,25451.09795258192,117.46524512022538,1115.2929685201898,-1882.2882153762093,1013.3769870330696,10.102840668770762,4
42101,-3005910757.3966384,352982731.31943446,-22451018.351089843,2060837.7859474646,27566.56143319065,-6592.024507202136,8778.203905523305,1127.5280066805876,-1344.01001341199,-67.1128050146617,4
42103,-1295087647.8072069,-171926071.40099946,31854862.81623254,41975.32169703733,7301.4707576721285,-8819.698347951207,-591.0300953077751,-129.06064049552975,-106.26229920040893,11.70032555107183,4
42105,702292526.1397843,-240691152.49057636,-32504726.74024763,25826.367998755617,-5288.299654943991,-1538.8282521635815,-1175.8292633447666,976.7836781597274,179.15227482513052,-15.872294767520184,0
42107,-500561298.1954883,-96109300.67374814,138717281.81534028,91220.33580477674,6736.521150830007,32482.99121038899,1133.3075312018784,2397.527497774687,753.3004558820888,-11.18124165390661,0
42109,-2074356212.2555628,-179950598.14550173,10047312.53398358,41949.91335436255,-2666.9604753839176,-1518.0991185844484,-449.4229165955491,-282.8742306415026,-105.92660238323714,33.05778380043399,4
42111,650196938.4713118,-194575115.60635623,-1563701.3994641905,39830.18465214022,36071.760298708345,1345.7134219823556,288.865007528687,-40.94066407256263,307.73362691393356,-24.167823606896395,0
42113,-1610165811.8742743,-212951783.1399229,-27821528.875288196,28292.073210312123,-18877.90210674259,-122.18008852309987,-1038.8814230803343,972.7979065802213,246.48315360589544,-15.11091249791209,4
42115,-248917368.33947983,-216551253.7018247,-25389171.526731607,38093.454216418395,18502.619848138478,-1299.6381385646284,1355.3126869890473,-218.9160703367562,529.3623105227699,-31.76239970083026,0
42117,890747860.6305963,-237922181.89629892,-26115807.21948307,38291.06407296152,20021.63305645008,-562.8066295902347,-124.17349609393261,-1314.334516013106,-336.8373452657726,-19.041321211190322,0
42119,-2130080176.52519,-166870535.927492,26868029.831948105,46331.66228051761,-14512.102424580004,6927.630648506361,-285.7502256100261,-359.8595882335403,-211.73061947231102,28.21305133233483,4
42121,-816163819.363822,-184844814.26570463,21228002.79622381,47573.045476658954,126.34154948566555,6191.9588456062365,-427.39335149012305,-398.5861462206395,-280.71812913319945,2.668553846483683,4
42123,-40140856.95443517,-204272562.3654166,6034912.767092061,39116.29142007909,-6065.347334404582,4999.413209640254,-240.93326612566946,-588.7553119194339,-240.31640703781858,-7.850794584205996,0
42125,-299646143.5723629,180213120.82182783,-17928309.509486597,-149572.46870912358,40236.32440779246,-1547.632770037558,183.7160054760935,-301.022817479374,271.19319951688607,-13.024596199498383,0
42127,-608511571.5835433,-213784720.1106415,-15908317.549323946,47480.93258399475,29645.443176228586,-1749.602201475422,1058.1094968921486,291.55372950978153,726.4598918285697,-21.909977844954533,4
42129,177007850.9199922,514175648.303687,-16270731.351908674,-289779.18976228574,66114.67998438019,-4454.392347179233,-223.70857081983797,-137.70648095646195,-161.5064531908663,-33.63740925357054,0
42131,-1810474277.8855147,-198838606.84373143,-16161034.704547578,36354.86677061957,239.0480814622629,-1825.9925999393765,717.0240688713444,358.07314094153776,590.4439319995288,-4.365204994014386,4
42133,-309313278.3557914,581080481.4084185,20277891.276016038,-247218.84090838965,77879.57644088154,397.21983215919425,-483.2827079378219,-81.89601603179709,-99.17634389137693,-1.2687398052469792,0
55001,-893388166.8936806,-221549967.40993863,-29273146.909027997,33444.91488143858,-250.47466713422563,-1200.3239191431026,-1258.8609623332716,984.4233941128842,169.23350629578223,-7.562638682425479,4
55003,561601203.620133,-228413993.09009066,-17964793.70806564,24725.181317963776,-19636.165799742037,1695.086109334863,97.37726116486179,-885.5687011317542,-131.673668171179,-12.401943916226779,0
55005,-118398447.41662611,-203615733.7398032,5813894.3678335175,39776.4180893713,2452.5555445318714,810.8262266476235,-421.1278340215381,-424.61742016639954,-199.39576739927057,-8.935608828547135,0
55007,2154628822.649872,-258112831.69285244,-35446004.70549473,19250.594606559636,-9000.482586047234,-1885.6339310925866,-1110.9543527646142,970.5077726862918,184.73112445530685,-15.705134126696947,0
55009,-1510142271.4718485,222525262.4601198,-16558813.69488231,-73909.62504127884,6847.880927844283,1670.1140874574814,1115.617850430718,-635.8628250407938,561.5498435104903,13.154703589320262,4
55011,-798201071.6918336,-222691800.6842215,-29465921.724451173,29189.580917345207,-9810.572290776045,-810.0325664496927,-1139.870446728088,977.2940480255014,206.04030185711184,-12.993048134295915,4
55013,-248043716.8953473,-229291279.24438187,-30580102.278572816,28198.465460607684,-7562.899343336998,-1103.382148352768,-1160.320043256289,977.528094323686,193.8785425833731,-14.298986367898308,0
55015,-2127581430.1304867,-135697463.47798556,-7970183.504464393,18836.475105121568,-14962.3504808846,3917.498226032345,1442.4667629102648,-227.47644221895138,636.3026162066947,-0.8567260875647023,4
55017,373120905.52983534,-100538354.83221659,-19050947.39623117,-58686.987395699405,2028.0077798451614,1332.4666615345718,116.08854694928962,-446.4541712357342,709.3637902921159,-12.425143783069956,0
55019,1170622106.5481498,-243212992.4069835,-29285441.616866786,33562.29075522162,12669.881588643737,-700.3261790026771,162.1184999736443,-1646.895298146898,-350.9786390629859,-21.52105885790641,0
55021,-475816773.42594814,-197305359.8543957,9260874.646793563,50045.141548507076,9373.887713139802,7852.075309804094,-402.7717530143665,-659.5797070435433,-358.91140582457393,0.35665107672468643,0
55025,833088451.3938329,409676060.5927594,15239306.960016359,68833.07106024293,31338.077521267496,8389.236827469413,843.3850246114964,-59.11380281205878,274.8550531339861,-36.596066993847494,0
55027,-84317958.05939725,-186046633.06033966,29945762.10721387,71876.4759702316,20065.505587195858,26394.06819302357,-721.6433995311801,-454.44482294313195,-662.9378603692504,9.53146410289615,0
55029,-1502719638.6906447,-200782788.33336064,-9922851.05612263,37799.87258485853,-6521.033123763279,1668.281789524797,-178.052289455739,-716.2108746198002,-153.13084354735014,0.9453183184851908,4
55031,1492714423.767196,-191257171.89926568,-33832491.41847431,4067.1290714594043,-7569.803385004136,-1619.3607987474225,1427.0972914682598,1011.6455852777975,-312.72570192289254,-48.9497814247534,0
55033,-165448995.9158085,-201853032.5061383,7522271.156927173,39614.83354055424,-2932.342402024464,3103.912755735331,-326.1828895306863,-492.3077105991985,-217.74543721651798,-7.869075029124903,0
55035,-989088437.8715304,-64967761.71599178,-28359091.605071478,-6502.536900979092,-1704.3434334024998,-977.4094814939027,1394.1367210674478,982.5056365025713,-365.46331221203263,-37.66571878837615,4
55037,-1470053665.3428557,-214632516.85213313,-28105284.989742592,26708.386707509755,-21548.688224491452,-53.11438846357242,-1004.1538664027214,970.5142001628394,256.07451301672637,-18.051596675786694,4
55039,-682863669.162217,-94554813.17432095,-12097853.311924113,11746.545940073023,13118.653151940403,4577.244362160789,1197.9287713134086,-506.0665317471108,649.4655905746299,-10.001720423277856,4
55041,455964606.29138637,-237736301.22872916,-32005864.119064335,22344.994410817904,-15856.994411195066,-983.5816280016306,-1048.879376395621,969.8116620509818,221.97934732258375,-16.682753088375563,0
55043,928332531.054657,-224428244.753016,-7420188.707401039,44612.03125737123,11077.011470271405,8631.928171282992,-82.00284899463978,-1246.1542562694424,-448.1878628057747,-11.091475807135161,0
55045,-1130620316.9623992,-203339480.0452586,-8109508.141510536,44042.468905923364,-1630.554190824256,7776.345473369612,113.64062357669263,-1351.9583588770884,-363.3429826614613,0.9228432403857417,4
55047,-1982437112.5162706,-202803498.65063262,-19417915.139838055,36525.03924300732,-9984.036171470081,2299.883069150722,252.2299584414687,-1406.0155822340403,-223.5336815394838,2.137883249155886,4
55049,-470593542.05881447,-219167003.94207788,-20094336.498210862,32546.81994660235,-5298.883650384212,217.87574495092557,-137.79466848433387,-794.9737644792624,-142.3845017495254,-12.928505751000873,0
55051,-484280787.0552299,-222335596.73522365,-24553018.284969512,23009.00113294159,-23991.564064379327,-444.8044590658568,-160.2262629571632,-375.76992671015773,30.211955944797623,-16.159893348078423,0
55053,349822455.0376342,-223343451.50212488,-14129978.30891696,25517.88495155621,-13774.974911676069,-2191.5948829136855,-318.8411990295633,-265.8818233968998,-17.493101281260508,-15.682189286080423,0
55055,-1270301168.0693314,-145227272.27997613,57118764.47742697,62116.93100425221,-6339.6839543998885,25598.915824929598,129.6961822367677,513.781909582169,40.74913507140358,12.205679894105582,4
55057,-453771921.4849825,-220602115.78104877,-21788645.19302165,34493.109894367626,-404.75502694480446,347.7896001169314,-84.60787585895513,-989.378342772894,-193.3207628187098,-12.539619627363463,0
55059,-2384001524.009952,76906271.45183259,-24954245.454312157,-17654.12134012299,-10102.626438499108,-116.90456716051123,1545.8967893192298,928.9756155790789,-372.93685639322655,14.621725695802686,4
55061,-2009243926.2898345,-200486276.58238006,-16677176.438917285,36914.69561785167,-9833.80306806722,2016.4743206535643,45.77335163660882,-1052.7141129348142,-170.78346937959898,5.502439944154846,4
55063,-1689290990.9744334,-15465710.70640503,-26750579.293475352,-18071.93659042315,-7002.094727398606,-479.8636785876838,1391.4227743203644,961.3358751224167,-344.00233061140034,-25.08918972340237,4
55065,-937549093.1395051,-221020232.30205935,-29183712.86020717,31437.94585881144,-5514.037740965751,-951.4374331085137,-1194.61531648011,980.7429101740557,190.0890841738073,-9.887594496970756,4
55067,-76850532.9972864,-221129359.8683137,-17175251.52627321,29809.895827634336,-15039.419538416929,3065.7003287574416,183.88321132675165,-1149.9519333641979,-204.15074055604603,-12.538164954562934,0
55069,-57061634.696030304,-206768128.61528683,2436557.509177266,30110.33214241162,-16329.046591136024,105.38550603875997,-209.3757567370541,-395.9289429086669,-92.67310411759271,-11.586678023740685,0
55071,-1148110471.550776,-153802055.0368001,58328143.66759144,64475.53722683734,-3689.7815509841685,20627.794852759263,-689.8133587468914,59.888720121821,-459.5430631433151,19.042608433926112,4
55073,2314333446.477711,-64547056.66368419,-30116350.208381932,-42500.57543345424,39515.77352268472,-3830.461490789236,527.3902506673303,-45.008058160703534,175.90043852898324,-43.95104886272896,0
55075,1848744960.7878664,-229524294.36715156,-1281526.4040635305,31797.86147254186,-2680.3073130338257,2222.76801568567,-268.57566913631655,-562.4153178224913,-227.1128837147086,-14.54357695105987,0
55077,-1589427345.823554,-213200547.98601747,-27863526.633017242,33032.82234999723,-7152.85295616719,-649.2666112157357,-1182.9710723087705,981.2306113374011,200.47389975694438,-3.7778088151512335,4
55079,-2773596039.4877524,719440093.7425084,-21209933.190043,645963.4362164483,-20709.381483278183,-1350.6219641730233,2022.639218007032,693.2908665044837,-341.63519620419066,73.53229889504908,4
55081,22261313.160106808,-207000077.07284585,3244557.4487275416,41497.48487634395,-1386.3769158585415,6184.372992076146,-235.86871289117656,-707.5434301454421,-288.89150768198175,-7.417125123603201,0
55083,389003732.4191802,-225792201.6998448,-17412474.022376664,36279.80194049525,8661.319859994943,-93.16265031203572,747.1011960894085,-218.18769301923993,406.3075173691922,-28.154772366200138,0
55085,802495675.7388467,-220532133.67198774,-3952580.989623546,30070.391142206532,-1263.7872579168577,-3972.8206027733168,-474.4045226789975,-216.13798703237336,-78.44134241253424,-17.345424029505157,0
55087,-1039861882.6739658,43126404.259161875,-17398822.687644087,-14259.855811293248,20998.70926698045,-503.7726209730424,1186.5757902724529,-261.143995364408,338.0927661896855,-5.33514755148215,4
55089,-2480233018.453361,-28317054.98601302,-25252258.78219693,-41890.764141536034,-4331.143658609282,-258.72493814670804,805.113492264384,960.2978075915927,-252.63007062377312,43.51734710980379,4
55091,-2408436468.2087245,-203376029.20902038,-26204867.63356859,31744.50115070157,-17231.964338747963,85.91515847652653,-1069.5755841561593,976.0568290925164,244.89312714240455,-1.3102293863657497,4
55093,-1173486861.825869,-195377007.70883256,2003763.2582529925,45319.486716281834,-4362.020117515211,8624.603201314705,-103.135827948814,-918.6335225685191,-317.6837440130932,3.6064677360744706,4
55095,78253822.79539996,-218141626.32181183,-10962844.640220376,38717.86077533875,15605.028863965292,-3699.093317916667,-691.3173968512505,-225.49511003922464,-130.55503490759722,-12.528766518916838,0
55097,-370383422.9089176,-166872959.7994031,51716371.65188885,54365.35933863116,-12080.058623920278,16801.262774673585,-509.00620927360154,-36.98797505735485,-384.4031880126228,2.241408122890137,0
55099,1336101333.1137748,-248294085.70167184,-33788319.63648518,21759.189800811102,-9825.563595871305,-1560.85375747226,-1111.5807733449385,971.9502410424399,192.99092207665134,-16.158750465063108,0
55101,-2172533432.400709,68589749.02094768,31239327.86357549,38584.04028656247,-12269.729350259688,11388.747463504591,1648.7386014343454,300.50432506194124,457.06490050722675,30.582639932540744,4
55103,-1116158511.0243993,-212253661.3153811,-19905057.42267248,32432.416731529862,-12276.160910222228,1640.7667067375728,124.30333446463392,-1120.168194049328,-171.02972518783344,-11.100530184614016,4
55105,-736990907.868099,13704998.734158957,-1943744.2296183433,854.4187359562574,3981.8615342766398,2250.6021357063933,1440.4183114726566,-61.7694969726514,384.4903918949432,-20.762454314016967,4
55107,83207118.65129814,-226817189.72456348,-22571463.013949998,25457.72568947326,-15376.770880891065,-553.2516605910997,-152.45737405906868,-549.8495093993502,-49.53855519115517,-16.219441683596372,0
55109,-656022380.8274957,-164411023.9156768,48278081.279328205,59274.34775566871,13256.0477797763,10666.368477179129,-333.88096331923543,144.18939854877408,-147.05784633205815,4.491172064377516,4
55111,-249144715.08849528,-182671362.42578366,32161609.89773164,49911.96311546582,-3937.530024027043,11165.952553531475,-446.86745304525397,-293.7728210856514,-343.9607717659637,-1.1840276683347681,0
55115,1314971.8980987999,-216709803.58314142,-10121984.023616862,40173.580657012164,8275.507562302404,1820.10680293779,-300.1855138822096,-784.4961007632361,-255.98599413161145,-10.278516384586032,0
55117,-1455367682.1466918,-63971500.27724408,-8778372.75148826,19127.499432737637,8691.041180245831,4436.0190181384,1462.9759038571278,-364.3273738028887,575.7256384926767,2.859529630650318,4
55119,307830653.43987644,-229706126.6073598,-23288118.235710572,28292.363118890975,-8165.180411281039,-55.07983467819159,-69.76911614398375,-838.9071308069882,-136.55945578016224,-16.568814118857812,0
55121,-577364605.665473,-220191610.73674753,-22981505.01087822,35777.75667428639,4378.619424239057,-933.4545772680017,-328.92148703406406,-667.9098014591215,-142.5765228459651,-10.649243875035452,0
55123,-362908634.168271,-222173840.50910497,-23576838.936470803,35656.84236282162,4335.296014080156,511.5298967777159,732.1898526617704,-894.4331686079739,226.98793163881336,-21.24593715206831,0
55125,-120746314.44260144,-230818286.83148554,-30837904.259075917,30941.704732554113,198.87028824790022,-1492.2867176218156,-1254.2530337392113,982.7880056144122,162.7511070928908,-12.776818334116646,0
55127,-1311496037.739009,-91505625.84892249,116028672.04654863,49427.407996130525,-19109.294845123575,7703.855245394253,679.6048822771379,957.2812618229233,365.31046299656697,1.0739314618690512,4
55129,-341666073.99473864,-224044698.3515748,-24839627.738180663,28325.199193991455,-11710.524822988384,-39.416117703100156,-16.10644623170976,-873.3368000461697,-111.95275166229223,-16.684548005949615,0
55131,-1787217477.8781614,34136757.75510125,-26327830.470717788,-67185.14118479536,18157.595780527226,-1440.7115278381991,500.7671177044184,942.4035053937831,-366.4079698070273,19.24381630242148,4
55133,-1721978746.8010185,850534079.623181,42313563.14645542,-508829.40543253225,-31018.117102250115,-5811.290173540764,831.6127231711578,-220.7929229962733,12.138733738232078,18.230504996144255,4
55135,-540102573.4796706,-197850530.37810367,7619112.798233784,46137.502190386986,8138.379819073261,3734.736152259981,-443.9360614691409,-533.2599680490199,-277.02962059106244,-1.5798010563761093,0
55137,-968069990.1039419,-216177489.96741533,-23095707.882425364,34961.02260344916,-362.2397033612005,-686.6150325713563,-282.26770022185656,-659.8975242407491,-116.3609204326895,-8.748813809828983,4
55139,-1780326999.2865803,41505445.99001783,-9641615.993128534,10410.50739600066,-7090.603415494298,450.6635285219704,1826.1199652281298,-59.484194386555,324.23840654975413,-6.882555665031877,4
55141,-410446680.8744312,-149569969.1911092,74442956.99366944,50048.79730076894,-17413.485205082885,9474.605983443698,-476.9953006942495,122.60397994358787,-303.60552076947926,-2.0711878133685295,0
